x-axis,F1
Hertz,dBV
+16.0000E+00,-58.89676E+00
+16.5000E+00,-58.61056E+00
+17.0000E+00,-58.32435E+00
+17.5000E+00,-58.03814E+00
+18.0000E+00,-57.75193E+00
+18.5000E+00,-57.46572E+00
+19.0000E+00,-57.17952E+00
+19.5000E+00,-57.13308E+00
+20.0000E+00,-57.12796E+00
+20.5000E+00,-57.12284E+00
+21.0000E+00,-57.11772E+00
+21.5000E+00,-57.08547E+00
+22.0000E+00,-56.75984E+00
+22.5000E+00,-56.43421E+00
+23.0000E+00,-56.10857E+00
+23.5000E+00,-55.78294E+00
+24.0000E+00,-55.73503E+00
+24.5000E+00,-56.28748E+00
+25.0000E+00,-56.83993E+00
+25.5000E+00,-57.39238E+00
+26.0000E+00,-57.94483E+00
+26.5000E+00,-57.87449E+00
+27.0000E+00,-57.29030E+00
+27.5000E+00,-56.70611E+00
+28.0000E+00,-56.12192E+00
+28.5000E+00,-55.53773E+00
+29.0000E+00,-54.71087E+00
+29.5000E+00,-53.81538E+00
+30.0000E+00,-52.91989E+00
+30.5000E+00,-52.02440E+00
+31.0000E+00,-51.11493E+00
+31.5000E+00,-48.96709E+00
+32.0000E+00,-46.81925E+00
+32.5000E+00,-44.67141E+00
+33.0000E+00,-42.52357E+00
+33.5000E+00,-40.61528E+00
+34.0000E+00,-39.45406E+00
+34.5000E+00,-38.29284E+00
+35.0000E+00,-37.13163E+00
+35.5000E+00,-35.97041E+00
+36.0000E+00,-35.08392E+00
+36.5000E+00,-34.50178E+00
+37.0000E+00,-33.91964E+00
+37.5000E+00,-33.33749E+00
+38.0000E+00,-32.75535E+00
+38.5000E+00,-32.57194E+00
+39.0000E+00,-32.55453E+00
+39.5000E+00,-32.53712E+00
+40.0000E+00,-32.51971E+00
+40.5000E+00,-32.50231E+00
+41.0000E+00,-32.95683E+00
+41.5000E+00,-33.44272E+00
+42.0000E+00,-33.92861E+00
+42.5000E+00,-34.41449E+00
+43.0000E+00,-35.02565E+00
+43.5000E+00,-36.25137E+00
+44.0000E+00,-37.47710E+00
+44.5000E+00,-38.70283E+00
+45.0000E+00,-39.92856E+00
+45.5000E+00,-41.58127E+00
+46.0000E+00,-43.87196E+00
+46.5000E+00,-46.16265E+00
+47.0000E+00,-48.45333E+00
+47.5000E+00,-50.74402E+00
+48.0000E+00,-52.71375E+00
+48.5000E+00,-54.49705E+00
+49.0000E+00,-56.28034E+00
+49.5000E+00,-58.06364E+00
+50.0000E+00,-59.84693E+00
+50.5000E+00,-59.94398E+00
+51.0000E+00,-59.77605E+00
+51.5000E+00,-59.60811E+00
+52.0000E+00,-59.44017E+00
+52.5000E+00,-59.45588E+00
+53.0000E+00,-61.20436E+00
+53.5000E+00,-62.95284E+00
+54.0000E+00,-64.70132E+00
+54.5000E+00,-66.44980E+00
+55.0000E+00,-67.60394E+00
+55.5000E+00,-67.53738E+00
+56.0000E+00,-67.47082E+00
+56.5000E+00,-67.40426E+00
+57.0000E+00,-67.33770E+00
+57.5000E+00,-67.28917E+00
+58.0000E+00,-67.25487E+00
+58.5000E+00,-67.22056E+00
+59.0000E+00,-67.18626E+00
+59.5000E+00,-67.15195E+00
+60.0000E+00,-66.88932E+00
+60.5000E+00,-66.56625E+00
+61.0000E+00,-66.24317E+00
+61.5000E+00,-65.92010E+00
+62.0000E+00,-65.61405E+00
+62.5000E+00,-66.05283E+00
+63.0000E+00,-66.49162E+00
+63.5000E+00,-66.93040E+00
+64.0000E+00,-67.36919E+00
+64.5000E+00,-67.74595E+00
+65.0000E+00,-67.94051E+00
+65.5000E+00,-68.13507E+00
+66.0000E+00,-68.32963E+00
+66.5000E+00,-68.52419E+00
+67.0000E+00,-68.40051E+00
+67.5000E+00,-67.93971E+00
+68.0000E+00,-67.47891E+00
+68.5000E+00,-67.01811E+00
+69.0000E+00,-66.55731E+00
+69.5000E+00,-66.45161E+00
+70.0000E+00,-66.48591E+00
+70.5000E+00,-66.52021E+00
+71.0000E+00,-66.55452E+00
+71.5000E+00,-66.58882E+00
+72.0000E+00,-65.06027E+00
+72.5000E+00,-63.44747E+00
+73.0000E+00,-61.83467E+00
+73.5000E+00,-60.22187E+00
+74.0000E+00,-58.61581E+00
+74.5000E+00,-57.04039E+00
+75.0000E+00,-55.46496E+00
+75.5000E+00,-53.88954E+00
+76.0000E+00,-52.31412E+00
+76.5000E+00,-51.19382E+00
+77.0000E+00,-50.72278E+00
+77.5000E+00,-50.25174E+00
+78.0000E+00,-49.78070E+00
+78.5000E+00,-49.30966E+00
+79.0000E+00,-49.08614E+00
+79.5000E+00,-48.99962E+00
+80.0000E+00,-48.91309E+00
+80.5000E+00,-48.82656E+00
+81.0000E+00,-48.74003E+00
+81.5000E+00,-49.26035E+00
+82.0000E+00,-49.86707E+00
+82.5000E+00,-50.47379E+00
+83.0000E+00,-51.08051E+00
+83.5000E+00,-51.71413E+00
+84.0000E+00,-52.57224E+00
+84.5000E+00,-53.43035E+00
+85.0000E+00,-54.28846E+00
+85.5000E+00,-55.14658E+00
+86.0000E+00,-56.17009E+00
+86.5000E+00,-57.51665E+00
+87.0000E+00,-58.86321E+00
+87.5000E+00,-60.20977E+00
+88.0000E+00,-61.55633E+00
+88.5000E+00,-62.14056E+00
+89.0000E+00,-62.15029E+00
+89.5000E+00,-62.16001E+00
+90.0000E+00,-62.16974E+00
+90.5000E+00,-62.17947E+00
+91.0000E+00,-61.74456E+00
+91.5000E+00,-61.19979E+00
+92.0000E+00,-60.65502E+00
+92.5000E+00,-60.11025E+00
+93.0000E+00,-59.49168E+00
+93.5000E+00,-56.74429E+00
+94.0000E+00,-53.99690E+00
+94.5000E+00,-51.24950E+00
+95.0000E+00,-48.50211E+00
+95.5000E+00,-46.19021E+00
+96.0000E+00,-45.08531E+00
+96.5000E+00,-43.98041E+00
+97.0000E+00,-42.87552E+00
+97.5000E+00,-41.77062E+00
+98.0000E+00,-41.23317E+00
+98.5000E+00,-41.27054E+00
+99.0000E+00,-41.30792E+00
+99.5000E+00,-41.34529E+00
+100.0000E+00,-41.38267E+00
+100.5000E+00,-42.13646E+00
+101.0000E+00,-43.15739E+00
+101.5000E+00,-44.17832E+00
+102.0000E+00,-45.19924E+00
+102.5000E+00,-46.22017E+00
+103.0000E+00,-46.49299E+00
+103.5000E+00,-46.73465E+00
+104.0000E+00,-46.97632E+00
+104.5000E+00,-47.21798E+00
+105.0000E+00,-47.14771E+00
+105.5000E+00,-45.76172E+00
+106.0000E+00,-44.37574E+00
+106.5000E+00,-42.98975E+00
+107.0000E+00,-41.60377E+00
+107.5000E+00,-41.62906E+00
+108.0000E+00,-43.57722E+00
+108.5000E+00,-45.52538E+00
+109.0000E+00,-47.47354E+00
+109.5000E+00,-49.42170E+00
+110.0000E+00,-46.99805E+00
+110.5000E+00,-42.27076E+00
+111.0000E+00,-37.54346E+00
+111.5000E+00,-32.81617E+00
+112.0000E+00,-28.08887E+00
+112.5000E+00,-25.64608E+00
+113.0000E+00,-23.49568E+00
+113.5000E+00,-21.34528E+00
+114.0000E+00,-19.19488E+00
+114.5000E+00,-17.16863E+00
+115.0000E+00,-16.06885E+00
+115.5000E+00,-14.96908E+00
+116.0000E+00,-13.86930E+00
+116.5000E+00,-12.76953E+00
+117.0000E+00,-11.89487E+00
+117.5000E+00,-11.43868E+00
+118.0000E+00,-10.98249E+00
+118.5000E+00,-10.52629E+00
+119.0000E+00,-10.07010E+00
+119.5000E+00,-9.93214E+00
+120.0000E+00,-10.02327E+00
+120.5000E+00,-10.11441E+00
+121.0000E+00,-10.20555E+00
+121.5000E+00,-10.29668E+00
+122.0000E+00,-10.84281E+00
+122.5000E+00,-11.49357E+00
+123.0000E+00,-12.14432E+00
+123.5000E+00,-12.79507E+00
+124.0000E+00,-13.47812E+00
+124.5000E+00,-14.85182E+00
+125.0000E+00,-16.22551E+00
+125.5000E+00,-17.59921E+00
+126.0000E+00,-18.97291E+00
+126.5000E+00,-20.74314E+00
+127.0000E+00,-23.55197E+00
+127.5000E+00,-26.36080E+00
+128.0000E+00,-29.16963E+00
+128.5000E+00,-31.97847E+00
+129.0000E+00,-34.40657E+00
+129.5000E+00,-36.46583E+00
+130.0000E+00,-38.52510E+00
+130.5000E+00,-40.58436E+00
+131.0000E+00,-42.64362E+00
+131.5000E+00,-43.69225E+00
+132.0000E+00,-44.38499E+00
+132.5000E+00,-45.07773E+00
+133.0000E+00,-45.77046E+00
+133.5000E+00,-46.46320E+00
+134.0000E+00,-48.43735E+00
+134.5000E+00,-50.44951E+00
+135.0000E+00,-52.46167E+00
+135.5000E+00,-54.47383E+00
+136.0000E+00,-56.13749E+00
+136.5000E+00,-56.43138E+00
+137.0000E+00,-56.72526E+00
+137.5000E+00,-57.01915E+00
+138.0000E+00,-57.31304E+00
+138.5000E+00,-57.51884E+00
+139.0000E+00,-57.60998E+00
+139.5000E+00,-57.70111E+00
+140.0000E+00,-57.79225E+00
+140.5000E+00,-57.88339E+00
+141.0000E+00,-57.78559E+00
+141.5000E+00,-57.59308E+00
+142.0000E+00,-57.40057E+00
+142.5000E+00,-57.20805E+00
+143.0000E+00,-57.01554E+00
+143.5000E+00,-57.58233E+00
+144.0000E+00,-58.23564E+00
+144.5000E+00,-58.88896E+00
+145.0000E+00,-59.54227E+00
+145.5000E+00,-60.11142E+00
+146.0000E+00,-60.11398E+00
+146.5000E+00,-60.11654E+00
+147.0000E+00,-60.11910E+00
+147.5000E+00,-60.12166E+00
+148.0000E+00,-60.21773E+00
+148.5000E+00,-60.47936E+00
+149.0000E+00,-60.74099E+00
+149.5000E+00,-61.00263E+00
+150.0000E+00,-61.26426E+00
+150.5000E+00,-60.32592E+00
+151.0000E+00,-58.56259E+00
+151.5000E+00,-56.79926E+00
+152.0000E+00,-55.03593E+00
+152.5000E+00,-53.27261E+00
+153.0000E+00,-51.65782E+00
+153.5000E+00,-50.07472E+00
+154.0000E+00,-48.49161E+00
+154.5000E+00,-46.90851E+00
+155.0000E+00,-45.37181E+00
+155.5000E+00,-44.61969E+00
+156.0000E+00,-43.86756E+00
+156.5000E+00,-43.11543E+00
+157.0000E+00,-42.36330E+00
+157.5000E+00,-41.78633E+00
+158.0000E+00,-41.64348E+00
+158.5000E+00,-41.50063E+00
+159.0000E+00,-41.35778E+00
+159.5000E+00,-41.21494E+00
+160.0000E+00,-41.35488E+00
+160.5000E+00,-41.75680E+00
+161.0000E+00,-42.15872E+00
+161.5000E+00,-42.56064E+00
+162.0000E+00,-42.96256E+00
+162.5000E+00,-43.79190E+00
+163.0000E+00,-44.76317E+00
+163.5000E+00,-45.73443E+00
+164.0000E+00,-46.70570E+00
+164.5000E+00,-47.67696E+00
+165.0000E+00,-49.72206E+00
+165.5000E+00,-51.78645E+00
+166.0000E+00,-53.85083E+00
+166.5000E+00,-55.91521E+00
+167.0000E+00,-57.99264E+00
+167.5000E+00,-60.11795E+00
+168.0000E+00,-62.24326E+00
+168.5000E+00,-64.36857E+00
+169.0000E+00,-66.49388E+00
+169.5000E+00,-67.53819E+00
+170.0000E+00,-67.23765E+00
+170.5000E+00,-66.93710E+00
+171.0000E+00,-66.63656E+00
+171.5000E+00,-66.33602E+00
+172.0000E+00,-67.52338E+00
+172.5000E+00,-69.41982E+00
+173.0000E+00,-71.31627E+00
+173.5000E+00,-73.21272E+00
+174.0000E+00,-75.10917E+00
+174.5000E+00,-77.23596E+00
+175.0000E+00,-79.38585E+00
+175.5000E+00,-81.53574E+00
+176.0000E+00,-83.68562E+00
+176.5000E+00,-85.33116E+00
+177.0000E+00,-83.89142E+00
+177.5000E+00,-82.45167E+00
+178.0000E+00,-81.01193E+00
+178.5000E+00,-79.57218E+00
+179.0000E+00,-79.09939E+00
+179.5000E+00,-80.25804E+00
+180.0000E+00,-81.41670E+00
+180.5000E+00,-82.57535E+00
+181.0000E+00,-83.73401E+00
+181.5000E+00,-82.72817E+00
+182.0000E+00,-80.30180E+00
+182.5000E+00,-77.87544E+00
+183.0000E+00,-75.44907E+00
+183.5000E+00,-73.02270E+00
+184.0000E+00,-71.61174E+00
+184.5000E+00,-70.40086E+00
+185.0000E+00,-69.18998E+00
+185.5000E+00,-67.97910E+00
+186.0000E+00,-66.77930E+00
+186.5000E+00,-65.73380E+00
+187.0000E+00,-64.68829E+00
+187.5000E+00,-63.64279E+00
+188.0000E+00,-62.59728E+00
+188.5000E+00,-62.31325E+00
+189.0000E+00,-63.81751E+00
+189.5000E+00,-65.32176E+00
+190.0000E+00,-66.82602E+00
+190.5000E+00,-68.33028E+00
+191.0000E+00,-67.47818E+00
+191.5000E+00,-64.53879E+00
+192.0000E+00,-61.59940E+00
+192.5000E+00,-58.66001E+00
+193.0000E+00,-55.72062E+00
+193.5000E+00,-53.71667E+00
+194.0000E+00,-52.00505E+00
+194.5000E+00,-50.29344E+00
+195.0000E+00,-48.58182E+00
+195.5000E+00,-46.87020E+00
+196.0000E+00,-45.97961E+00
+196.5000E+00,-45.09436E+00
+197.0000E+00,-44.20911E+00
+197.5000E+00,-43.32387E+00
+198.0000E+00,-42.55528E+00
+198.5000E+00,-42.18818E+00
+199.0000E+00,-41.82107E+00
+199.5000E+00,-41.45397E+00
+200.0000E+00,-41.08687E+00
+200.5000E+00,-40.97983E+00
+201.0000E+00,-41.18207E+00
+201.5000E+00,-41.38431E+00
+202.0000E+00,-41.58655E+00
+202.5000E+00,-41.78879E+00
+203.0000E+00,-42.58318E+00
+203.5000E+00,-43.64558E+00
+204.0000E+00,-44.70798E+00
+204.5000E+00,-45.77038E+00
+205.0000E+00,-46.83278E+00
+205.5000E+00,-49.78131E+00
+206.0000E+00,-52.89376E+00
+206.5000E+00,-56.00621E+00
+207.0000E+00,-59.11866E+00
+207.5000E+00,-62.00777E+00
+208.0000E+00,-63.64770E+00
+208.5000E+00,-65.28764E+00
+209.0000E+00,-66.92757E+00
+209.5000E+00,-68.56751E+00
+210.0000E+00,-68.91808E+00
+210.5000E+00,-67.19418E+00
+211.0000E+00,-65.47028E+00
+211.5000E+00,-63.74637E+00
+212.0000E+00,-62.02247E+00
+212.5000E+00,-61.59352E+00
+213.0000E+00,-61.97547E+00
+213.5000E+00,-62.35742E+00
+214.0000E+00,-62.73937E+00
+214.5000E+00,-63.12132E+00
+215.0000E+00,-61.37206E+00
+215.5000E+00,-59.23651E+00
+216.0000E+00,-57.10096E+00
+216.5000E+00,-54.96541E+00
+217.0000E+00,-53.05699E+00
+217.5000E+00,-53.82653E+00
+218.0000E+00,-54.59607E+00
+218.5000E+00,-55.36560E+00
+219.0000E+00,-56.13514E+00
+219.5000E+00,-56.14676E+00
+220.0000E+00,-54.46996E+00
+220.5000E+00,-52.79316E+00
+221.0000E+00,-51.11636E+00
+221.5000E+00,-49.43956E+00
+222.0000E+00,-48.70004E+00
+222.5000E+00,-48.75431E+00
+223.0000E+00,-48.80858E+00
+223.5000E+00,-48.86286E+00
+224.0000E+00,-48.91713E+00
+224.5000E+00,-47.58368E+00
+225.0000E+00,-45.84288E+00
+225.5000E+00,-44.10208E+00
+226.0000E+00,-42.36128E+00
+226.5000E+00,-40.62515E+00
+227.0000E+00,-39.87763E+00
+227.5000E+00,-39.13011E+00
+228.0000E+00,-38.38259E+00
+228.5000E+00,-37.63507E+00
+229.0000E+00,-36.60913E+00
+229.5000E+00,-34.68350E+00
+230.0000E+00,-32.75786E+00
+230.5000E+00,-30.83223E+00
+231.0000E+00,-28.90660E+00
+231.5000E+00,-26.55617E+00
+232.0000E+00,-23.72276E+00
+232.5000E+00,-20.88935E+00
+233.0000E+00,-18.05594E+00
+233.5000E+00,-15.22254E+00
+234.0000E+00,-13.41032E+00
+234.5000E+00,-12.03662E+00
+235.0000E+00,-10.66293E+00
+235.5000E+00,-9.28923E+00
+236.0000E+00,-7.91554E+00
+236.5000E+00,-7.21696E+00
+237.0000E+00,-6.56826E+00
+237.5000E+00,-5.91956E+00
+238.0000E+00,-5.27085E+00
+238.5000E+00,-4.71336E+00
+239.0000E+00,-4.62478E+00
+239.5000E+00,-4.53621E+00
+240.0000E+00,-4.44763E+00
+240.5000E+00,-4.35906E+00
+241.0000E+00,-4.48638E+00
+241.5000E+00,-4.94514E+00
+242.0000E+00,-5.40389E+00
+242.5000E+00,-5.86264E+00
+243.0000E+00,-6.32139E+00
+243.5000E+00,-7.18437E+00
+244.0000E+00,-8.28876E+00
+244.5000E+00,-9.39314E+00
+245.0000E+00,-10.49753E+00
+245.5000E+00,-11.60191E+00
+246.0000E+00,-13.62062E+00
+246.5000E+00,-15.79098E+00
+247.0000E+00,-17.96135E+00
+247.5000E+00,-20.13172E+00
+248.0000E+00,-22.52988E+00
+248.5000E+00,-27.24949E+00
+249.0000E+00,-31.96911E+00
+249.5000E+00,-36.68873E+00
+250.0000E+00,-41.40834E+00
+250.5000E+00,-44.10094E+00
+251.0000E+00,-42.50555E+00
+251.5000E+00,-40.91016E+00
+252.0000E+00,-39.31477E+00
+252.5000E+00,-37.71937E+00
+253.0000E+00,-40.72058E+00
+253.5000E+00,-47.44314E+00
+254.0000E+00,-54.16570E+00
+254.5000E+00,-60.88826E+00
+255.0000E+00,-67.61082E+00
+255.5000E+00,-65.32102E+00
+256.0000E+00,-60.55174E+00
+256.5000E+00,-55.78246E+00
+257.0000E+00,-51.01318E+00
+257.5000E+00,-46.40606E+00
+258.0000E+00,-51.85579E+00
+258.5000E+00,-57.30552E+00
+259.0000E+00,-62.75525E+00
+259.5000E+00,-68.20497E+00
+260.0000E+00,-71.29152E+00
+260.5000E+00,-67.19296E+00
+261.0000E+00,-63.09440E+00
+261.5000E+00,-58.99584E+00
+262.0000E+00,-54.89728E+00
+262.5000E+00,-54.92464E+00
+263.0000E+00,-59.43740E+00
+263.5000E+00,-63.95017E+00
+264.0000E+00,-68.46294E+00
+264.5000E+00,-72.97571E+00
+265.0000E+00,-71.32791E+00
+265.5000E+00,-67.17303E+00
+266.0000E+00,-63.01815E+00
+266.5000E+00,-58.86327E+00
+267.0000E+00,-54.70839E+00
+267.5000E+00,-55.28683E+00
+268.0000E+00,-56.15467E+00
+268.5000E+00,-57.02251E+00
+269.0000E+00,-57.89035E+00
+269.5000E+00,-58.72986E+00
+270.0000E+00,-59.43488E+00
+270.5000E+00,-60.13991E+00
+271.0000E+00,-60.84493E+00
+271.5000E+00,-61.54996E+00
+272.0000E+00,-61.16981E+00
+272.5000E+00,-59.19964E+00
+273.0000E+00,-57.22946E+00
+273.5000E+00,-55.25928E+00
+274.0000E+00,-53.28911E+00
+274.5000E+00,-51.79335E+00
+275.0000E+00,-50.56762E+00
+275.5000E+00,-49.34189E+00
+276.0000E+00,-48.11616E+00
+276.5000E+00,-46.89043E+00
+277.0000E+00,-46.53933E+00
+277.5000E+00,-46.32019E+00
+278.0000E+00,-46.10106E+00
+278.5000E+00,-45.88192E+00
+279.0000E+00,-45.72398E+00
+279.5000E+00,-46.11361E+00
+280.0000E+00,-46.50325E+00
+280.5000E+00,-46.89288E+00
+281.0000E+00,-47.28251E+00
+281.5000E+00,-47.81057E+00
+282.0000E+00,-48.61697E+00
+282.5000E+00,-49.42337E+00
+283.0000E+00,-50.22977E+00
+283.5000E+00,-51.03617E+00
+284.0000E+00,-52.01634E+00
+284.5000E+00,-53.13097E+00
+285.0000E+00,-54.24559E+00
+285.5000E+00,-55.36022E+00
+286.0000E+00,-56.47484E+00
+286.5000E+00,-58.82913E+00
+287.0000E+00,-61.50229E+00
+287.5000E+00,-64.17544E+00
+288.0000E+00,-66.84859E+00
+288.5000E+00,-69.43519E+00
+289.0000E+00,-68.90732E+00
+289.5000E+00,-68.37945E+00
+290.0000E+00,-67.85157E+00
+290.5000E+00,-67.32370E+00
+291.0000E+00,-66.98853E+00
+291.5000E+00,-67.20561E+00
+292.0000E+00,-67.42270E+00
+292.5000E+00,-67.63979E+00
+293.0000E+00,-67.85688E+00
+293.5000E+00,-68.19346E+00
+294.0000E+00,-68.65426E+00
+294.5000E+00,-69.11506E+00
+295.0000E+00,-69.57586E+00
+295.5000E+00,-70.03666E+00
+296.0000E+00,-69.21264E+00
+296.5000E+00,-67.89373E+00
+297.0000E+00,-66.57482E+00
+297.5000E+00,-65.25590E+00
+298.0000E+00,-63.93699E+00
+298.5000E+00,-64.22823E+00
+299.0000E+00,-64.59789E+00
+299.5000E+00,-64.96755E+00
+300.0000E+00,-65.33722E+00
+300.5000E+00,-65.78728E+00
+301.0000E+00,-66.59112E+00
+301.5000E+00,-67.39496E+00
+302.0000E+00,-68.19880E+00
+302.5000E+00,-69.00264E+00
+303.0000E+00,-69.45820E+00
+303.5000E+00,-69.42646E+00
+304.0000E+00,-69.39472E+00
+304.5000E+00,-69.36297E+00
+305.0000E+00,-69.33123E+00
+305.5000E+00,-69.34231E+00
+306.0000E+00,-69.37662E+00
+306.5000E+00,-69.41092E+00
+307.0000E+00,-69.44522E+00
+307.5000E+00,-69.47953E+00
+308.0000E+00,-70.80974E+00
+308.5000E+00,-72.31656E+00
+309.0000E+00,-73.82337E+00
+309.5000E+00,-75.33019E+00
+310.0000E+00,-76.62655E+00
+310.5000E+00,-76.24921E+00
+311.0000E+00,-75.87187E+00
+311.5000E+00,-75.49452E+00
+312.0000E+00,-75.11718E+00
+312.5000E+00,-74.41974E+00
+313.0000E+00,-73.11004E+00
+313.5000E+00,-71.80034E+00
+314.0000E+00,-70.49065E+00
+314.5000E+00,-69.18095E+00
+315.0000E+00,-67.96222E+00
+315.5000E+00,-66.81073E+00
+316.0000E+00,-65.65924E+00
+316.5000E+00,-64.50775E+00
+317.0000E+00,-63.35627E+00
+317.5000E+00,-62.69621E+00
+318.0000E+00,-62.15400E+00
+318.5000E+00,-61.61180E+00
+319.0000E+00,-61.06959E+00
+319.5000E+00,-60.55185E+00
+320.0000E+00,-60.65016E+00
+320.5000E+00,-60.74846E+00
+321.0000E+00,-60.84676E+00
+321.5000E+00,-60.94507E+00
+322.0000E+00,-61.14865E+00
+322.5000E+00,-61.63709E+00
+323.0000E+00,-62.12554E+00
+323.5000E+00,-62.61399E+00
+324.0000E+00,-63.10244E+00
+324.5000E+00,-64.08282E+00
+325.0000E+00,-65.55226E+00
+325.5000E+00,-67.02170E+00
+326.0000E+00,-68.49114E+00
+326.5000E+00,-69.96058E+00
+327.0000E+00,-70.77617E+00
+327.5000E+00,-71.35371E+00
+328.0000E+00,-71.93124E+00
+328.5000E+00,-72.50878E+00
+329.0000E+00,-73.08631E+00
+329.5000E+00,-72.55447E+00
+330.0000E+00,-71.98205E+00
+330.5000E+00,-71.40964E+00
+331.0000E+00,-70.83722E+00
+331.5000E+00,-70.34282E+00
+332.0000E+00,-70.16771E+00
+332.5000E+00,-69.99261E+00
+333.0000E+00,-69.81750E+00
+333.5000E+00,-69.64240E+00
+334.0000E+00,-69.50323E+00
+334.5000E+00,-69.41210E+00
+335.0000E+00,-69.32096E+00
+335.5000E+00,-69.22982E+00
+336.0000E+00,-69.13869E+00
+336.5000E+00,-68.78548E+00
+337.0000E+00,-68.29703E+00
+337.5000E+00,-67.80859E+00
+338.0000E+00,-67.32014E+00
+338.5000E+00,-66.83169E+00
+339.0000E+00,-65.35441E+00
+339.5000E+00,-63.75646E+00
+340.0000E+00,-62.15851E+00
+340.5000E+00,-60.56056E+00
+341.0000E+00,-59.04445E+00
+341.5000E+00,-58.11261E+00
+342.0000E+00,-57.18077E+00
+342.5000E+00,-56.24893E+00
+343.0000E+00,-55.31709E+00
+343.5000E+00,-55.26443E+00
+344.0000E+00,-56.81272E+00
+344.5000E+00,-58.36101E+00
+345.0000E+00,-59.90930E+00
+345.5000E+00,-61.45758E+00
+346.0000E+00,-60.32063E+00
+346.5000E+00,-57.28755E+00
+347.0000E+00,-54.25446E+00
+347.5000E+00,-51.22137E+00
+348.0000E+00,-48.18828E+00
+348.5000E+00,-47.78497E+00
+349.0000E+00,-47.96775E+00
+349.5000E+00,-48.15054E+00
+350.0000E+00,-48.33332E+00
+350.5000E+00,-48.30410E+00
+351.0000E+00,-44.19325E+00
+351.5000E+00,-40.08240E+00
+352.0000E+00,-35.97155E+00
+352.5000E+00,-31.86070E+00
+353.0000E+00,-28.42967E+00
+353.5000E+00,-26.73802E+00
+354.0000E+00,-25.04637E+00
+354.5000E+00,-23.35472E+00
+355.0000E+00,-21.66307E+00
+355.5000E+00,-20.40109E+00
+356.0000E+00,-19.54758E+00
+356.5000E+00,-18.69408E+00
+357.0000E+00,-17.84058E+00
+357.5000E+00,-16.98707E+00
+358.0000E+00,-16.57255E+00
+358.5000E+00,-16.30887E+00
+359.0000E+00,-16.04519E+00
+359.5000E+00,-15.78151E+00
+360.0000E+00,-15.51783E+00
+360.5000E+00,-15.77829E+00
+361.0000E+00,-16.05170E+00
+361.5000E+00,-16.32511E+00
+362.0000E+00,-16.59852E+00
+362.5000E+00,-16.99634E+00
+363.0000E+00,-17.86930E+00
+363.5000E+00,-18.74226E+00
+364.0000E+00,-19.61522E+00
+364.5000E+00,-20.48818E+00
+365.0000E+00,-21.73708E+00
+365.5000E+00,-23.46610E+00
+366.0000E+00,-25.19513E+00
+366.5000E+00,-26.92415E+00
+367.0000E+00,-28.65318E+00
+367.5000E+00,-32.23951E+00
+368.0000E+00,-36.73743E+00
+368.5000E+00,-41.23535E+00
+369.0000E+00,-45.73327E+00
+369.5000E+00,-50.23119E+00
+370.0000E+00,-49.93785E+00
+370.5000E+00,-49.12633E+00
+371.0000E+00,-48.31481E+00
+371.5000E+00,-47.50329E+00
+372.0000E+00,-47.13769E+00
+372.5000E+00,-49.65315E+00
+373.0000E+00,-52.16860E+00
+373.5000E+00,-54.68406E+00
+374.0000E+00,-57.19952E+00
+374.5000E+00,-58.73376E+00
+375.0000E+00,-58.56582E+00
+375.5000E+00,-58.39789E+00
+376.0000E+00,-58.22995E+00
+376.5000E+00,-58.06201E+00
+377.0000E+00,-59.17574E+00
+377.5000E+00,-61.15359E+00
+378.0000E+00,-63.13145E+00
+378.5000E+00,-65.10931E+00
+379.0000E+00,-67.08716E+00
+379.5000E+00,-66.46468E+00
+380.0000E+00,-65.30551E+00
+380.5000E+00,-64.14635E+00
+381.0000E+00,-62.98718E+00
+381.5000E+00,-61.94001E+00
+382.0000E+00,-62.63070E+00
+382.5000E+00,-63.32139E+00
+383.0000E+00,-64.01208E+00
+383.5000E+00,-64.70276E+00
+384.0000E+00,-65.74216E+00
+384.5000E+00,-67.62632E+00
+385.0000E+00,-69.51048E+00
+385.5000E+00,-71.39464E+00
+386.0000E+00,-73.27880E+00
+386.5000E+00,-73.63214E+00
+387.0000E+00,-72.59381E+00
+387.5000E+00,-71.55547E+00
+388.0000E+00,-70.51713E+00
+388.5000E+00,-69.47880E+00
+389.0000E+00,-69.10572E+00
+389.5000E+00,-68.94803E+00
+390.0000E+00,-68.79033E+00
+390.5000E+00,-68.63264E+00
+391.0000E+00,-68.47494E+00
+391.5000E+00,-67.78660E+00
+392.0000E+00,-67.09131E+00
+392.5000E+00,-66.39601E+00
+393.0000E+00,-65.70071E+00
+393.5000E+00,-64.86355E+00
+394.0000E+00,-63.51955E+00
+394.5000E+00,-62.17555E+00
+395.0000E+00,-60.83155E+00
+395.5000E+00,-59.48755E+00
+396.0000E+00,-58.43544E+00
+396.5000E+00,-57.73964E+00
+397.0000E+00,-57.04383E+00
+397.5000E+00,-56.34802E+00
+398.0000E+00,-55.65221E+00
+398.5000E+00,-55.53042E+00
+399.0000E+00,-55.67634E+00
+399.5000E+00,-55.82226E+00
+400.0000E+00,-55.96818E+00
+400.5000E+00,-56.11410E+00
+401.0000E+00,-56.62439E+00
+401.5000E+00,-57.16916E+00
+402.0000E+00,-57.71393E+00
+402.5000E+00,-58.25870E+00
+403.0000E+00,-58.86079E+00
+403.5000E+00,-59.80031E+00
+404.0000E+00,-60.73983E+00
+404.5000E+00,-61.67935E+00
+405.0000E+00,-62.61887E+00
+405.5000E+00,-63.62341E+00
+406.0000E+00,-64.73547E+00
+406.5000E+00,-65.84753E+00
+407.0000E+00,-66.95960E+00
+407.5000E+00,-68.07166E+00
+408.0000E+00,-68.61518E+00
+408.5000E+00,-68.79285E+00
+409.0000E+00,-68.97051E+00
+409.5000E+00,-69.14817E+00
+410.0000E+00,-69.32584E+00
+410.5000E+00,-69.53877E+00
+411.0000E+00,-69.75842E+00
+411.5000E+00,-69.97807E+00
+412.0000E+00,-70.19772E+00
+412.5000E+00,-70.39805E+00
+413.0000E+00,-70.34839E+00
+413.5000E+00,-70.29872E+00
+414.0000E+00,-70.24906E+00
+414.5000E+00,-70.19939E+00
+415.0000E+00,-70.24199E+00
+415.5000E+00,-70.49645E+00
+416.0000E+00,-70.75091E+00
+416.5000E+00,-71.00538E+00
+417.0000E+00,-71.25984E+00
+417.5000E+00,-71.61538E+00
+418.0000E+00,-72.05877E+00
+418.5000E+00,-72.50216E+00
+419.0000E+00,-72.94555E+00
+419.5000E+00,-73.38894E+00
+420.0000E+00,-72.96334E+00
+420.5000E+00,-72.27317E+00
+421.0000E+00,-71.58299E+00
+421.5000E+00,-70.89281E+00
+422.0000E+00,-70.20264E+00
+422.5000E+00,-70.49172E+00
+423.0000E+00,-70.78253E+00
+423.5000E+00,-71.07335E+00
+424.0000E+00,-71.36417E+00
+424.5000E+00,-71.70665E+00
+425.0000E+00,-72.22223E+00
+425.5000E+00,-72.73781E+00
+426.0000E+00,-73.25340E+00
+426.5000E+00,-73.76898E+00
+427.0000E+00,-75.25639E+00
+427.5000E+00,-77.87783E+00
+428.0000E+00,-80.49927E+00
+428.5000E+00,-83.12071E+00
+429.0000E+00,-85.74215E+00
+429.5000E+00,-85.20982E+00
+430.0000E+00,-83.28111E+00
+430.5000E+00,-81.35241E+00
+431.0000E+00,-79.42370E+00
+431.5000E+00,-77.49500E+00
+432.0000E+00,-75.24765E+00
+432.5000E+00,-72.97437E+00
+433.0000E+00,-70.70109E+00
+433.5000E+00,-68.42781E+00
+434.0000E+00,-66.26934E+00
+434.5000E+00,-64.73027E+00
+435.0000E+00,-63.19120E+00
+435.5000E+00,-61.65213E+00
+436.0000E+00,-60.11305E+00
+436.5000E+00,-58.92620E+00
+437.0000E+00,-58.29490E+00
+437.5000E+00,-57.66361E+00
+438.0000E+00,-57.03231E+00
+438.5000E+00,-56.40102E+00
+439.0000E+00,-56.00353E+00
+439.5000E+00,-55.74958E+00
+440.0000E+00,-55.49563E+00
+440.5000E+00,-55.24168E+00
+441.0000E+00,-54.98772E+00
+441.5000E+00,-55.32129E+00
+442.0000E+00,-55.75751E+00
+442.5000E+00,-56.19374E+00
+443.0000E+00,-56.62996E+00
+443.5000E+00,-57.13205E+00
+444.0000E+00,-58.36290E+00
+444.5000E+00,-59.59375E+00
+445.0000E+00,-60.82459E+00
+445.5000E+00,-62.05544E+00
+446.0000E+00,-63.51109E+00
+446.5000E+00,-65.45669E+00
+447.0000E+00,-67.40229E+00
+447.5000E+00,-69.34789E+00
+448.0000E+00,-71.29349E+00
+448.5000E+00,-72.63985E+00
+449.0000E+00,-73.48824E+00
+449.5000E+00,-74.33662E+00
+450.0000E+00,-75.18500E+00
+450.5000E+00,-76.03339E+00
+451.0000E+00,-75.60030E+00
+451.5000E+00,-74.80107E+00
+452.0000E+00,-74.00184E+00
+452.5000E+00,-73.20261E+00
+453.0000E+00,-72.41230E+00
+453.5000E+00,-72.56283E+00
+454.0000E+00,-72.71336E+00
+454.5000E+00,-72.86389E+00
+455.0000E+00,-73.01442E+00
+455.5000E+00,-72.51114E+00
+456.0000E+00,-69.94909E+00
+456.5000E+00,-67.38704E+00
+457.0000E+00,-64.82499E+00
+457.5000E+00,-62.26295E+00
+458.0000E+00,-61.66134E+00
+458.5000E+00,-63.24700E+00
+459.0000E+00,-64.83267E+00
+459.5000E+00,-66.41833E+00
+460.0000E+00,-68.00400E+00
+460.5000E+00,-67.56637E+00
+461.0000E+00,-66.27920E+00
+461.5000E+00,-64.99203E+00
+462.0000E+00,-63.70486E+00
+462.5000E+00,-62.41770E+00
+463.0000E+00,-64.44219E+00
+463.5000E+00,-66.69346E+00
+464.0000E+00,-68.94472E+00
+464.5000E+00,-71.19598E+00
+465.0000E+00,-72.23139E+00
+465.5000E+00,-67.22556E+00
+466.0000E+00,-62.21974E+00
+466.5000E+00,-57.21391E+00
+467.0000E+00,-52.20809E+00
+467.5000E+00,-50.04492E+00
+468.0000E+00,-52.16050E+00
+468.5000E+00,-54.27608E+00
+469.0000E+00,-56.39167E+00
+469.5000E+00,-58.50725E+00
+470.0000E+00,-55.95497E+00
+470.5000E+00,-50.67062E+00
+471.0000E+00,-45.38627E+00
+471.5000E+00,-40.10191E+00
+472.0000E+00,-34.81756E+00
+472.5000E+00,-32.24661E+00
+473.0000E+00,-30.10850E+00
+473.5000E+00,-27.97039E+00
+474.0000E+00,-25.83228E+00
+474.5000E+00,-23.79274E+00
+475.0000E+00,-22.70269E+00
+475.5000E+00,-21.61264E+00
+476.0000E+00,-20.52260E+00
+476.5000E+00,-19.43255E+00
+477.0000E+00,-18.54977E+00
+477.5000E+00,-18.09614E+00
+478.0000E+00,-17.64251E+00
+478.5000E+00,-17.18887E+00
+479.0000E+00,-16.73524E+00
+479.5000E+00,-16.58807E+00
+480.0000E+00,-16.68432E+00
+480.5000E+00,-16.78058E+00
+481.0000E+00,-16.87684E+00
+481.5000E+00,-16.97309E+00
+482.0000E+00,-17.51449E+00
+482.5000E+00,-18.17497E+00
+483.0000E+00,-18.83545E+00
+483.5000E+00,-19.49593E+00
+484.0000E+00,-20.17149E+00
+484.5000E+00,-21.56515E+00
+485.0000E+00,-22.95882E+00
+485.5000E+00,-24.35248E+00
+486.0000E+00,-25.74614E+00
+486.5000E+00,-27.52589E+00
+487.0000E+00,-30.45044E+00
+487.5000E+00,-33.37498E+00
+488.0000E+00,-36.29952E+00
+488.5000E+00,-39.22407E+00
+489.0000E+00,-41.50430E+00
+489.5000E+00,-43.09713E+00
+490.0000E+00,-44.68996E+00
+490.5000E+00,-46.28279E+00
+491.0000E+00,-47.87562E+00
+491.5000E+00,-48.95012E+00
+492.0000E+00,-49.81848E+00
+492.5000E+00,-50.68683E+00
+493.0000E+00,-51.55518E+00
+493.5000E+00,-52.42353E+00
+494.0000E+00,-54.07840E+00
+494.5000E+00,-55.77722E+00
+495.0000E+00,-57.47603E+00
+495.5000E+00,-59.17485E+00
+496.0000E+00,-60.49742E+00
+496.5000E+00,-60.09089E+00
+497.0000E+00,-59.68436E+00
+497.5000E+00,-59.27783E+00
+498.0000E+00,-58.87131E+00
+498.5000E+00,-60.88401E+00
+499.0000E+00,-66.37316E+00
+499.5000E+00,-71.86231E+00
+500.0000E+00,-77.35146E+00
+500.5000E+00,-82.84061E+00
+501.0000E+00,-82.96460E+00
+501.5000E+00,-80.09638E+00
+502.0000E+00,-77.22815E+00
+502.5000E+00,-74.35993E+00
+503.0000E+00,-71.49170E+00
+503.5000E+00,-72.12659E+00
+504.0000E+00,-73.26835E+00
+504.5000E+00,-74.41011E+00
+505.0000E+00,-75.55187E+00
+505.5000E+00,-76.48244E+00
+506.0000E+00,-75.61716E+00
+506.5000E+00,-74.75188E+00
+507.0000E+00,-73.88660E+00
+507.5000E+00,-73.02132E+00
+508.0000E+00,-72.40594E+00
+508.5000E+00,-72.28255E+00
+509.0000E+00,-72.15916E+00
+509.5000E+00,-72.03577E+00
+510.0000E+00,-71.91238E+00
+510.5000E+00,-71.45950E+00
+511.0000E+00,-70.75653E+00
+511.5000E+00,-70.05355E+00
+512.0000E+00,-69.35057E+00
+512.5000E+00,-68.64760E+00
+513.0000E+00,-69.75039E+00
+513.5000E+00,-71.30431E+00
+514.0000E+00,-72.85823E+00
+514.5000E+00,-74.41215E+00
+515.0000E+00,-75.89538E+00
+515.5000E+00,-75.22210E+00
+516.0000E+00,-74.54882E+00
+516.5000E+00,-73.87554E+00
+517.0000E+00,-73.20226E+00
+517.5000E+00,-72.71466E+00
+518.0000E+00,-72.74640E+00
+518.5000E+00,-72.77815E+00
+519.0000E+00,-72.80989E+00
+519.5000E+00,-72.84164E+00
+520.0000E+00,-72.90303E+00
+520.5000E+00,-72.99468E+00
+521.0000E+00,-73.08633E+00
+521.5000E+00,-73.17798E+00
+522.0000E+00,-73.26962E+00
+522.5000E+00,-73.52199E+00
+523.0000E+00,-73.83482E+00
+523.5000E+00,-74.14765E+00
+524.0000E+00,-74.46048E+00
+524.5000E+00,-74.77332E+00
+525.0000E+00,-74.33746E+00
+525.5000E+00,-73.86898E+00
+526.0000E+00,-73.40050E+00
+526.5000E+00,-72.93202E+00
+527.0000E+00,-72.89713E+00
+527.5000E+00,-74.71217E+00
+528.0000E+00,-76.52721E+00
+528.5000E+00,-78.34225E+00
+529.0000E+00,-80.15729E+00
+529.5000E+00,-82.04204E+00
+530.0000E+00,-84.02245E+00
+530.5000E+00,-86.00287E+00
+531.0000E+00,-87.98329E+00
+531.5000E+00,-89.96370E+00
+532.0000E+00,-91.48464E+00
+532.5000E+00,-92.76157E+00
+533.0000E+00,-94.03850E+00
+533.5000E+00,-95.31543E+00
+534.0000E+00,-96.59236E+00
+534.5000E+00,-93.53226E+00
+535.0000E+00,-89.90730E+00
+535.5000E+00,-86.28234E+00
+536.0000E+00,-82.65738E+00
+536.5000E+00,-79.66048E+00
+537.0000E+00,-81.43149E+00
+537.5000E+00,-83.20250E+00
+538.0000E+00,-84.97350E+00
+538.5000E+00,-86.74451E+00
+539.0000E+00,-87.32487E+00
+539.5000E+00,-85.67470E+00
+540.0000E+00,-84.02452E+00
+540.5000E+00,-82.37434E+00
+541.0000E+00,-80.72417E+00
+541.5000E+00,-79.47168E+00
+542.0000E+00,-78.50758E+00
+542.5000E+00,-77.54349E+00
+543.0000E+00,-76.57939E+00
+543.5000E+00,-75.61529E+00
+544.0000E+00,-76.68778E+00
+544.5000E+00,-78.23402E+00
+545.0000E+00,-79.78026E+00
+545.5000E+00,-81.32650E+00
+546.0000E+00,-82.77698E+00
+546.5000E+00,-82.09141E+00
+547.0000E+00,-81.40584E+00
+547.5000E+00,-80.72028E+00
+548.0000E+00,-80.03471E+00
+548.5000E+00,-79.21715E+00
+549.0000E+00,-78.05082E+00
+549.5000E+00,-76.88448E+00
+550.0000E+00,-75.71814E+00
+550.5000E+00,-74.55181E+00
+551.0000E+00,-74.17305E+00
+551.5000E+00,-74.56268E+00
+552.0000E+00,-74.95231E+00
+552.5000E+00,-75.34194E+00
+553.0000E+00,-75.73158E+00
+553.5000E+00,-75.32982E+00
+554.0000E+00,-74.64681E+00
+554.5000E+00,-73.96381E+00
+555.0000E+00,-73.28080E+00
+555.5000E+00,-72.59779E+00
+556.0000E+00,-71.05412E+00
+556.5000E+00,-69.48331E+00
+557.0000E+00,-67.91249E+00
+557.5000E+00,-66.34167E+00
+558.0000E+00,-64.95481E+00
+558.5000E+00,-64.29893E+00
+559.0000E+00,-63.64306E+00
+559.5000E+00,-62.98719E+00
+560.0000E+00,-62.33132E+00
+560.5000E+00,-61.88989E+00
+561.0000E+00,-61.72963E+00
+561.5000E+00,-61.56938E+00
+562.0000E+00,-61.40912E+00
+562.5000E+00,-61.24887E+00
+563.0000E+00,-61.82226E+00
+563.5000E+00,-62.76639E+00
+564.0000E+00,-63.71051E+00
+564.5000E+00,-64.65464E+00
+565.0000E+00,-65.59877E+00
+565.5000E+00,-66.91675E+00
+566.0000E+00,-68.27816E+00
+566.5000E+00,-69.63957E+00
+567.0000E+00,-71.00098E+00
+567.5000E+00,-72.21765E+00
+568.0000E+00,-72.44447E+00
+568.5000E+00,-72.67129E+00
+569.0000E+00,-72.89810E+00
+569.5000E+00,-73.12492E+00
+570.0000E+00,-72.74227E+00
+570.5000E+00,-71.27232E+00
+571.0000E+00,-69.80236E+00
+571.5000E+00,-68.33241E+00
+572.0000E+00,-66.86246E+00
+572.5000E+00,-66.35869E+00
+573.0000E+00,-66.52407E+00
+573.5000E+00,-66.68945E+00
+574.0000E+00,-66.85482E+00
+574.5000E+00,-67.02020E+00
+575.0000E+00,-67.70478E+00
+575.5000E+00,-68.50145E+00
+576.0000E+00,-69.29813E+00
+576.5000E+00,-70.09480E+00
+577.0000E+00,-70.85692E+00
+577.5000E+00,-71.01461E+00
+578.0000E+00,-71.17231E+00
+578.5000E+00,-71.33000E+00
+579.0000E+00,-71.48770E+00
+579.5000E+00,-70.91063E+00
+580.0000E+00,-68.49655E+00
+580.5000E+00,-66.08247E+00
+581.0000E+00,-63.66839E+00
+581.5000E+00,-61.25431E+00
+582.0000E+00,-60.27399E+00
+582.5000E+00,-60.63137E+00
+583.0000E+00,-60.98875E+00
+583.5000E+00,-61.34612E+00
+584.0000E+00,-61.70350E+00
+584.5000E+00,-60.93808E+00
+585.0000E+00,-59.79632E+00
+585.5000E+00,-58.65456E+00
+586.0000E+00,-57.51280E+00
+586.5000E+00,-56.37104E+00
+587.0000E+00,-55.47127E+00
+587.5000E+00,-54.57630E+00
+588.0000E+00,-53.68132E+00
+588.5000E+00,-52.78634E+00
+589.0000E+00,-51.67514E+00
+589.5000E+00,-49.76129E+00
+590.0000E+00,-47.84743E+00
+590.5000E+00,-45.93357E+00
+591.0000E+00,-44.01972E+00
+591.5000E+00,-41.69772E+00
+592.0000E+00,-38.86431E+00
+592.5000E+00,-36.03090E+00
+593.0000E+00,-33.19750E+00
+593.5000E+00,-30.36409E+00
+594.0000E+00,-28.51668E+00
+594.5000E+00,-27.14299E+00
+595.0000E+00,-25.76929E+00
+595.5000E+00,-24.39559E+00
+596.0000E+00,-23.02190E+00
+596.5000E+00,-22.30631E+00
+597.0000E+00,-21.65812E+00
+597.5000E+00,-21.00993E+00
+598.0000E+00,-20.36173E+00
+598.5000E+00,-19.79146E+00
+599.0000E+00,-19.70493E+00
+599.5000E+00,-19.61841E+00
+600.0000E+00,-19.53188E+00
+600.5000E+00,-19.44535E+00
+601.0000E+00,-19.56343E+00
+601.5000E+00,-20.02935E+00
+602.0000E+00,-20.49527E+00
+602.5000E+00,-20.96119E+00
+603.0000E+00,-21.42711E+00
+603.5000E+00,-22.28231E+00
+604.0000E+00,-23.39488E+00
+604.5000E+00,-24.50746E+00
+605.0000E+00,-25.62004E+00
+605.5000E+00,-26.73261E+00
+606.0000E+00,-28.74491E+00
+606.5000E+00,-30.93678E+00
+607.0000E+00,-33.12865E+00
+607.5000E+00,-35.32052E+00
+608.0000E+00,-37.67255E+00
+608.5000E+00,-42.31895E+00
+609.0000E+00,-46.96535E+00
+609.5000E+00,-51.61175E+00
+610.0000E+00,-56.25815E+00
+610.5000E+00,-59.08663E+00
+611.0000E+00,-57.60951E+00
+611.5000E+00,-56.13239E+00
+612.0000E+00,-54.65527E+00
+612.5000E+00,-53.17815E+00
+613.0000E+00,-54.49004E+00
+613.5000E+00,-58.29010E+00
+614.0000E+00,-62.09016E+00
+614.5000E+00,-65.89023E+00
+615.0000E+00,-69.69029E+00
+615.5000E+00,-69.01198E+00
+616.0000E+00,-66.92046E+00
+616.5000E+00,-64.82894E+00
+617.0000E+00,-62.73742E+00
+617.5000E+00,-60.64590E+00
+618.0000E+00,-63.43669E+00
+618.5000E+00,-66.26805E+00
+619.0000E+00,-69.09941E+00
+619.5000E+00,-71.93077E+00
+620.0000E+00,-73.76215E+00
+620.5000E+00,-72.11710E+00
+621.0000E+00,-70.47204E+00
+621.5000E+00,-68.82698E+00
+622.0000E+00,-67.18193E+00
+622.5000E+00,-66.81401E+00
+623.0000E+00,-67.97573E+00
+623.5000E+00,-69.13746E+00
+624.0000E+00,-70.29919E+00
+624.5000E+00,-71.46092E+00
+625.0000E+00,-71.94483E+00
+625.5000E+00,-72.11943E+00
+626.0000E+00,-72.29402E+00
+626.5000E+00,-72.46861E+00
+627.0000E+00,-72.64320E+00
+627.5000E+00,-73.69040E+00
+628.0000E+00,-74.81527E+00
+628.5000E+00,-75.94013E+00
+629.0000E+00,-77.06500E+00
+629.5000E+00,-78.07443E+00
+630.0000E+00,-78.42924E+00
+630.5000E+00,-78.78406E+00
+631.0000E+00,-79.13888E+00
+631.5000E+00,-79.49369E+00
+632.0000E+00,-79.15816E+00
+632.5000E+00,-77.70357E+00
+633.0000E+00,-76.24898E+00
+633.5000E+00,-74.79439E+00
+634.0000E+00,-73.33980E+00
+634.5000E+00,-71.85475E+00
+635.0000E+00,-70.35050E+00
+635.5000E+00,-68.84624E+00
+636.0000E+00,-67.34198E+00
+636.5000E+00,-65.83773E+00
+637.0000E+00,-65.31445E+00
+637.5000E+00,-64.97141E+00
+638.0000E+00,-64.62837E+00
+638.5000E+00,-64.28533E+00
+639.0000E+00,-64.01694E+00
+639.5000E+00,-64.65080E+00
+640.0000E+00,-65.28465E+00
+640.5000E+00,-65.91851E+00
+641.0000E+00,-66.55237E+00
+641.5000E+00,-67.18922E+00
+642.0000E+00,-67.83280E+00
+642.5000E+00,-68.47639E+00
+643.0000E+00,-69.11997E+00
+643.5000E+00,-69.76356E+00
+644.0000E+00,-70.73181E+00
+644.5000E+00,-71.97699E+00
+645.0000E+00,-73.22217E+00
+645.5000E+00,-74.46736E+00
+646.0000E+00,-75.71254E+00
+646.5000E+00,-76.83807E+00
+647.0000E+00,-77.92812E+00
+647.5000E+00,-79.01817E+00
+648.0000E+00,-80.10821E+00
+648.5000E+00,-81.20343E+00
+649.0000E+00,-84.05680E+00
+649.5000E+00,-86.91018E+00
+650.0000E+00,-89.76356E+00
+650.5000E+00,-92.61693E+00
+651.0000E+00,-94.01897E+00
+651.5000E+00,-90.68483E+00
+652.0000E+00,-87.35069E+00
+652.5000E+00,-84.01654E+00
+653.0000E+00,-80.68240E+00
+653.5000E+00,-78.57606E+00
+654.0000E+00,-77.87565E+00
+654.5000E+00,-77.17523E+00
+655.0000E+00,-76.47482E+00
+655.5000E+00,-75.77440E+00
+656.0000E+00,-75.17724E+00
+656.5000E+00,-74.62479E+00
+657.0000E+00,-74.07234E+00
+657.5000E+00,-73.51989E+00
+658.0000E+00,-72.96745E+00
+658.5000E+00,-73.44669E+00
+659.0000E+00,-74.00426E+00
+659.5000E+00,-74.56183E+00
+660.0000E+00,-75.11940E+00
+660.5000E+00,-75.67490E+00
+661.0000E+00,-76.21967E+00
+661.5000E+00,-76.76444E+00
+662.0000E+00,-77.30921E+00
+662.5000E+00,-77.85398E+00
+663.0000E+00,-77.93007E+00
+663.5000E+00,-77.28136E+00
+664.0000E+00,-76.63266E+00
+664.5000E+00,-75.98396E+00
+665.0000E+00,-75.33525E+00
+665.5000E+00,-74.73450E+00
+666.0000E+00,-74.16259E+00
+666.5000E+00,-73.59069E+00
+667.0000E+00,-73.01878E+00
+667.5000E+00,-72.44688E+00
+668.0000E+00,-72.03318E+00
+668.5000E+00,-71.64611E+00
+669.0000E+00,-71.25904E+00
+669.5000E+00,-70.87197E+00
+670.0000E+00,-70.62418E+00
+670.5000E+00,-71.82738E+00
+671.0000E+00,-73.03058E+00
+671.5000E+00,-74.23378E+00
+672.0000E+00,-75.43698E+00
+672.5000E+00,-77.26304E+00
+673.0000E+00,-80.41747E+00
+673.5000E+00,-83.57191E+00
+674.0000E+00,-86.72634E+00
+674.5000E+00,-89.88077E+00
+675.0000E+00,-89.05066E+00
+675.5000E+00,-84.97156E+00
+676.0000E+00,-80.89246E+00
+676.5000E+00,-76.81335E+00
+677.0000E+00,-72.73425E+00
+677.5000E+00,-71.42426E+00
+678.0000E+00,-70.88410E+00
+678.5000E+00,-70.34394E+00
+679.0000E+00,-69.80378E+00
+679.5000E+00,-69.26617E+00
+680.0000E+00,-68.90623E+00
+680.5000E+00,-68.54629E+00
+681.0000E+00,-68.18636E+00
+681.5000E+00,-67.82642E+00
+682.0000E+00,-67.68703E+00
+682.5000E+00,-68.22463E+00
+683.0000E+00,-68.76223E+00
+683.5000E+00,-69.29983E+00
+684.0000E+00,-69.83743E+00
+684.5000E+00,-70.37748E+00
+685.0000E+00,-70.92020E+00
+685.5000E+00,-71.46292E+00
+686.0000E+00,-72.00564E+00
+686.5000E+00,-72.54836E+00
+687.0000E+00,-73.07329E+00
+687.5000E+00,-73.59092E+00
+688.0000E+00,-74.10856E+00
+688.5000E+00,-74.62619E+00
+689.0000E+00,-75.14382E+00
+689.5000E+00,-74.20270E+00
+690.0000E+00,-73.16949E+00
+690.5000E+00,-72.13627E+00
+691.0000E+00,-71.10306E+00
+691.5000E+00,-70.28608E+00
+692.0000E+00,-70.50828E+00
+692.5000E+00,-70.73049E+00
+693.0000E+00,-70.95270E+00
+693.5000E+00,-71.17491E+00
+694.0000E+00,-71.71473E+00
+694.5000E+00,-72.72337E+00
+695.0000E+00,-73.73201E+00
+695.5000E+00,-74.74065E+00
+696.0000E+00,-75.74929E+00
+696.5000E+00,-75.70469E+00
+697.0000E+00,-75.05599E+00
+697.5000E+00,-74.40729E+00
+698.0000E+00,-73.75858E+00
+698.5000E+00,-73.10988E+00
+699.0000E+00,-72.77328E+00
+699.5000E+00,-72.48452E+00
+700.0000E+00,-72.19575E+00
+700.5000E+00,-71.90698E+00
+701.0000E+00,-71.59925E+00
+701.5000E+00,-71.11848E+00
+702.0000E+00,-70.63771E+00
+702.5000E+00,-70.15695E+00
+703.0000E+00,-69.67618E+00
+703.5000E+00,-69.77139E+00
+704.0000E+00,-71.03398E+00
+704.5000E+00,-72.29657E+00
+705.0000E+00,-73.55916E+00
+705.5000E+00,-74.82176E+00
+706.0000E+00,-73.69372E+00
+706.5000E+00,-70.70262E+00
+707.0000E+00,-67.71151E+00
+707.5000E+00,-64.72041E+00
+708.0000E+00,-61.72930E+00
+708.5000E+00,-60.91823E+00
+709.0000E+00,-60.67401E+00
+709.5000E+00,-60.42979E+00
+710.0000E+00,-60.18556E+00
+710.5000E+00,-59.84943E+00
+711.0000E+00,-55.96796E+00
+711.5000E+00,-52.08649E+00
+712.0000E+00,-48.20501E+00
+712.5000E+00,-44.32354E+00
+713.0000E+00,-41.00463E+00
+713.5000E+00,-39.31298E+00
+714.0000E+00,-37.62133E+00
+714.5000E+00,-35.92969E+00
+715.0000E+00,-34.23804E+00
+715.5000E+00,-32.95584E+00
+716.0000E+00,-32.10234E+00
+716.5000E+00,-31.24884E+00
+717.0000E+00,-30.39533E+00
+717.5000E+00,-29.54183E+00
+718.0000E+00,-29.11124E+00
+718.5000E+00,-28.84500E+00
+719.0000E+00,-28.57876E+00
+719.5000E+00,-28.31252E+00
+720.0000E+00,-28.04628E+00
+720.5000E+00,-28.29855E+00
+721.0000E+00,-28.57707E+00
+721.5000E+00,-28.85560E+00
+722.0000E+00,-29.13413E+00
+722.5000E+00,-29.52131E+00
+723.0000E+00,-30.39222E+00
+723.5000E+00,-31.26313E+00
+724.0000E+00,-32.13404E+00
+724.5000E+00,-33.00495E+00
+725.0000E+00,-34.22458E+00
+725.5000E+00,-35.93568E+00
+726.0000E+00,-37.64679E+00
+726.5000E+00,-39.35789E+00
+727.0000E+00,-41.06900E+00
+727.5000E+00,-44.32730E+00
+728.0000E+00,-48.43098E+00
+728.5000E+00,-52.53466E+00
+729.0000E+00,-56.63834E+00
+729.5000E+00,-60.74202E+00
+730.0000E+00,-61.23471E+00
+730.5000E+00,-61.22703E+00
+731.0000E+00,-61.21935E+00
+731.5000E+00,-61.21167E+00
+732.0000E+00,-61.62503E+00
+732.5000E+00,-65.44762E+00
+733.0000E+00,-69.27021E+00
+733.5000E+00,-73.09281E+00
+734.0000E+00,-76.91540E+00
+734.5000E+00,-78.49907E+00
+735.0000E+00,-75.76652E+00
+735.5000E+00,-73.03398E+00
+736.0000E+00,-70.30143E+00
+736.5000E+00,-67.56889E+00
+737.0000E+00,-66.98072E+00
+737.5000E+00,-67.98936E+00
+738.0000E+00,-68.99800E+00
+738.5000E+00,-70.00664E+00
+739.0000E+00,-71.01528E+00
+739.5000E+00,-73.22261E+00
+740.0000E+00,-75.72066E+00
+740.5000E+00,-78.21871E+00
+741.0000E+00,-80.71676E+00
+741.5000E+00,-83.09413E+00
+742.0000E+00,-82.28057E+00
+742.5000E+00,-81.46700E+00
+743.0000E+00,-80.65343E+00
+743.5000E+00,-79.83986E+00
+744.0000E+00,-79.05127E+00
+744.5000E+00,-78.33089E+00
+745.0000E+00,-77.61051E+00
+745.5000E+00,-76.89012E+00
+746.0000E+00,-76.16974E+00
+746.5000E+00,-75.79449E+00
+747.0000E+00,-75.76479E+00
+747.5000E+00,-75.73510E+00
+748.0000E+00,-75.70540E+00
+748.5000E+00,-75.67570E+00
+749.0000E+00,-75.82836E+00
+749.5000E+00,-76.04801E+00
+750.0000E+00,-76.26765E+00
+750.5000E+00,-76.48730E+00
+751.0000E+00,-76.70695E+00
+751.5000E+00,-77.10212E+00
+752.0000E+00,-77.50404E+00
+752.5000E+00,-77.90596E+00
+753.0000E+00,-78.30788E+00
+753.5000E+00,-78.64126E+00
+754.0000E+00,-78.69092E+00
+754.5000E+00,-78.74058E+00
+755.0000E+00,-78.79025E+00
+755.5000E+00,-78.83991E+00
+756.0000E+00,-78.25041E+00
+756.5000E+00,-76.80043E+00
+757.0000E+00,-75.35044E+00
+757.5000E+00,-73.90046E+00
+758.0000E+00,-72.45048E+00
+758.5000E+00,-72.05000E+00
+759.0000E+00,-72.19541E+00
+759.5000E+00,-72.34082E+00
+760.0000E+00,-72.48622E+00
+760.5000E+00,-72.63163E+00
+761.0000E+00,-73.16505E+00
+761.5000E+00,-73.74668E+00
+762.0000E+00,-74.32831E+00
+762.5000E+00,-74.90994E+00
+763.0000E+00,-75.49405E+00
+763.5000E+00,-76.09617E+00
+764.0000E+00,-76.69828E+00
+764.5000E+00,-77.30039E+00
+765.0000E+00,-77.90250E+00
+765.5000E+00,-78.34352E+00
+766.0000E+00,-78.48893E+00
+766.5000E+00,-78.63434E+00
+767.0000E+00,-78.77975E+00
+767.5000E+00,-78.92516E+00
+768.0000E+00,-79.14117E+00
+768.5000E+00,-79.40741E+00
+769.0000E+00,-79.67365E+00
+769.5000E+00,-79.93989E+00
+770.0000E+00,-80.20613E+00
+770.5000E+00,-81.58116E+00
+771.0000E+00,-83.20625E+00
+771.5000E+00,-84.83134E+00
+772.0000E+00,-86.45643E+00
+772.5000E+00,-87.96025E+00
+773.0000E+00,-87.03814E+00
+773.5000E+00,-86.11603E+00
+774.0000E+00,-85.19392E+00
+774.5000E+00,-84.27180E+00
+775.0000E+00,-83.25862E+00
+775.5000E+00,-82.01036E+00
+776.0000E+00,-80.76211E+00
+776.5000E+00,-79.51385E+00
+777.0000E+00,-78.26560E+00
+777.5000E+00,-77.78869E+00
+778.0000E+00,-78.05032E+00
+778.5000E+00,-78.31195E+00
+779.0000E+00,-78.57358E+00
+779.5000E+00,-78.83522E+00
+780.0000E+00,-78.67183E+00
+780.5000E+00,-78.36105E+00
+781.0000E+00,-78.05027E+00
+781.5000E+00,-77.73948E+00
+782.0000E+00,-77.42870E+00
+782.5000E+00,-77.95881E+00
+783.0000E+00,-78.51125E+00
+783.5000E+00,-79.06370E+00
+784.0000E+00,-79.61615E+00
+784.5000E+00,-80.53741E+00
+785.0000E+00,-82.88237E+00
+785.5000E+00,-85.22733E+00
+786.0000E+00,-87.57229E+00
+786.5000E+00,-89.91725E+00
+787.0000E+00,-90.59163E+00
+787.5000E+00,-89.11707E+00
+788.0000E+00,-87.64251E+00
+788.5000E+00,-86.16795E+00
+789.0000E+00,-84.69339E+00
+789.5000E+00,-83.34591E+00
+790.0000E+00,-82.06130E+00
+790.5000E+00,-80.77670E+00
+791.0000E+00,-79.49209E+00
+791.5000E+00,-78.20748E+00
+792.0000E+00,-77.18018E+00
+792.5000E+00,-76.18127E+00
+793.0000E+00,-75.18236E+00
+793.5000E+00,-74.18344E+00
+794.0000E+00,-73.18846E+00
+794.5000E+00,-72.21924E+00
+795.0000E+00,-71.25003E+00
+795.5000E+00,-70.28081E+00
+796.0000E+00,-69.31159E+00
+796.5000E+00,-68.64495E+00
+797.0000E+00,-68.50722E+00
+797.5000E+00,-68.36949E+00
+798.0000E+00,-68.23177E+00
+798.5000E+00,-68.09404E+00
+799.0000E+00,-68.14261E+00
+799.5000E+00,-68.31771E+00
+800.0000E+00,-68.49282E+00
+800.5000E+00,-68.66792E+00
+801.0000E+00,-68.84302E+00
+801.5000E+00,-69.75629E+00
+802.0000E+00,-70.82381E+00
+802.5000E+00,-71.89133E+00
+803.0000E+00,-72.95885E+00
+803.5000E+00,-73.99348E+00
+804.0000E+00,-74.50138E+00
+804.5000E+00,-75.00928E+00
+805.0000E+00,-75.51719E+00
+805.5000E+00,-76.02509E+00
+806.0000E+00,-76.24231E+00
+806.5000E+00,-75.74926E+00
+807.0000E+00,-75.25620E+00
+807.5000E+00,-74.76314E+00
+808.0000E+00,-74.27009E+00
+808.5000E+00,-73.79253E+00
+809.0000E+00,-73.32917E+00
+809.5000E+00,-72.86581E+00
+810.0000E+00,-72.40245E+00
+810.5000E+00,-71.93909E+00
+811.0000E+00,-71.51239E+00
+811.5000E+00,-71.09767E+00
+812.0000E+00,-70.68295E+00
+812.5000E+00,-70.26823E+00
+813.0000E+00,-69.85351E+00
+813.5000E+00,-70.01994E+00
+814.0000E+00,-70.19504E+00
+814.5000E+00,-70.37015E+00
+815.0000E+00,-70.54525E+00
+815.5000E+00,-70.72413E+00
+816.0000E+00,-70.91664E+00
+816.5000E+00,-71.10916E+00
+817.0000E+00,-71.30167E+00
+817.5000E+00,-71.49418E+00
+818.0000E+00,-71.63020E+00
+818.5000E+00,-71.69676E+00
+819.0000E+00,-71.76332E+00
+819.5000E+00,-71.82988E+00
+820.0000E+00,-71.89644E+00
+820.5000E+00,-71.46500E+00
+821.0000E+00,-70.79940E+00
+821.5000E+00,-70.13380E+00
+822.0000E+00,-69.46820E+00
+822.5000E+00,-68.80260E+00
+823.0000E+00,-70.13556E+00
+823.5000E+00,-71.66183E+00
+824.0000E+00,-73.18810E+00
+824.5000E+00,-74.71437E+00
+825.0000E+00,-75.67371E+00
+825.5000E+00,-73.24734E+00
+826.0000E+00,-70.82097E+00
+826.5000E+00,-68.39460E+00
+827.0000E+00,-65.96824E+00
+827.5000E+00,-64.93563E+00
+828.0000E+00,-66.22536E+00
+828.5000E+00,-67.51509E+00
+829.0000E+00,-68.80482E+00
+829.5000E+00,-70.09454E+00
+830.0000E+00,-68.03729E+00
+830.5000E+00,-63.81021E+00
+831.0000E+00,-59.58314E+00
+831.5000E+00,-55.35607E+00
+832.0000E+00,-51.12900E+00
+832.5000E+00,-48.58919E+00
+833.0000E+00,-46.37479E+00
+833.5000E+00,-44.16039E+00
+834.0000E+00,-41.94599E+00
+834.5000E+00,-39.80869E+00
+835.0000E+00,-38.69663E+00
+835.5000E+00,-37.58456E+00
+836.0000E+00,-36.47250E+00
+836.5000E+00,-35.36043E+00
+837.0000E+00,-34.44462E+00
+837.5000E+00,-33.98331E+00
+838.0000E+00,-33.52200E+00
+838.5000E+00,-33.06068E+00
+839.0000E+00,-32.59937E+00
+839.5000E+00,-32.43154E+00
+840.0000E+00,-32.52062E+00
+840.5000E+00,-32.60971E+00
+841.0000E+00,-32.69880E+00
+841.5000E+00,-32.78789E+00
+842.0000E+00,-33.30851E+00
+842.5000E+00,-33.96182E+00
+843.0000E+00,-34.61514E+00
+843.5000E+00,-35.26845E+00
+844.0000E+00,-35.92176E+00
+844.5000E+00,-37.29546E+00
+845.0000E+00,-38.67171E+00
+845.5000E+00,-40.04797E+00
+846.0000E+00,-41.42422E+00
+846.5000E+00,-43.12326E+00
+847.0000E+00,-45.91469E+00
+847.5000E+00,-48.70611E+00
+848.0000E+00,-51.49754E+00
+848.5000E+00,-54.28896E+00
+849.0000E+00,-56.66095E+00
+849.5000E+00,-58.53999E+00
+850.0000E+00,-60.41903E+00
+850.5000E+00,-62.29807E+00
+851.0000E+00,-64.17711E+00
+851.5000E+00,-65.16096E+00
+852.0000E+00,-65.74515E+00
+852.5000E+00,-66.32934E+00
+853.0000E+00,-66.91353E+00
+853.5000E+00,-67.49773E+00
+854.0000E+00,-70.24247E+00
+854.5000E+00,-73.16753E+00
+855.0000E+00,-76.09259E+00
+855.5000E+00,-79.01764E+00
+856.0000E+00,-81.58958E+00
+856.5000E+00,-82.23061E+00
+857.0000E+00,-82.87163E+00
+857.5000E+00,-83.51265E+00
+858.0000E+00,-84.15368E+00
+858.5000E+00,-83.73555E+00
+859.0000E+00,-81.63431E+00
+859.5000E+00,-79.53306E+00
+860.0000E+00,-77.43181E+00
+860.5000E+00,-75.33056E+00
+861.0000E+00,-74.36625E+00
+861.5000E+00,-74.10513E+00
+862.0000E+00,-73.84401E+00
+862.5000E+00,-73.58289E+00
+863.0000E+00,-73.32177E+00
+863.5000E+00,-73.12937E+00
+864.0000E+00,-72.94915E+00
+864.5000E+00,-72.76892E+00
+865.0000E+00,-72.58870E+00
+865.5000E+00,-72.45229E+00
+866.0000E+00,-72.81223E+00
+866.5000E+00,-73.17216E+00
+867.0000E+00,-73.53210E+00
+867.5000E+00,-73.89204E+00
+868.0000E+00,-74.27599E+00
+868.5000E+00,-74.71273E+00
+869.0000E+00,-75.14946E+00
+869.5000E+00,-75.58620E+00
+870.0000E+00,-76.02293E+00
+870.5000E+00,-77.17096E+00
+871.0000E+00,-78.91432E+00
+871.5000E+00,-80.65768E+00
+872.0000E+00,-82.40104E+00
+872.5000E+00,-84.14440E+00
+873.0000E+00,-83.22418E+00
+873.5000E+00,-81.53509E+00
+874.0000E+00,-79.84600E+00
+874.5000E+00,-78.15691E+00
+875.0000E+00,-76.47071E+00
+875.5000E+00,-75.15896E+00
+876.0000E+00,-73.84722E+00
+876.5000E+00,-72.53547E+00
+877.0000E+00,-71.22373E+00
+877.5000E+00,-70.23110E+00
+878.0000E+00,-70.25311E+00
+878.5000E+00,-70.27513E+00
+879.0000E+00,-70.29715E+00
+879.5000E+00,-70.31916E+00
+880.0000E+00,-70.64086E+00
+880.5000E+00,-71.29929E+00
+881.0000E+00,-71.95772E+00
+881.5000E+00,-72.61615E+00
+882.0000E+00,-73.27459E+00
+882.5000E+00,-75.38112E+00
+883.0000E+00,-78.10086E+00
+883.5000E+00,-80.82061E+00
+884.0000E+00,-83.54035E+00
+884.5000E+00,-86.26009E+00
+885.0000E+00,-85.50847E+00
+885.5000E+00,-84.51212E+00
+886.0000E+00,-83.51577E+00
+886.5000E+00,-82.51942E+00
+887.0000E+00,-81.67440E+00
+887.5000E+00,-81.59094E+00
+888.0000E+00,-81.50749E+00
+888.5000E+00,-81.42403E+00
+889.0000E+00,-81.34057E+00
+889.5000E+00,-80.73563E+00
+890.0000E+00,-79.33992E+00
+890.5000E+00,-77.94420E+00
+891.0000E+00,-76.54849E+00
+891.5000E+00,-75.15278E+00
+892.0000E+00,-74.33710E+00
+892.5000E+00,-73.86350E+00
+893.0000E+00,-73.38990E+00
+893.5000E+00,-72.91630E+00
+894.0000E+00,-72.44270E+00
+894.5000E+00,-71.77830E+00
+895.0000E+00,-71.08300E+00
+895.5000E+00,-70.38771E+00
+896.0000E+00,-69.69241E+00
+896.5000E+00,-69.04465E+00
+897.0000E+00,-68.86442E+00
+897.5000E+00,-68.68420E+00
+898.0000E+00,-68.50398E+00
+898.5000E+00,-68.32375E+00
+899.0000E+00,-68.24353E+00
+899.5000E+00,-68.37204E+00
+900.0000E+00,-68.50056E+00
+900.5000E+00,-68.62907E+00
+901.0000E+00,-68.75758E+00
+901.5000E+00,-69.15147E+00
+902.0000E+00,-69.75768E+00
+902.5000E+00,-70.36389E+00
+903.0000E+00,-70.97010E+00
+903.5000E+00,-71.57630E+00
+904.0000E+00,-72.84872E+00
+904.5000E+00,-74.30127E+00
+905.0000E+00,-75.75381E+00
+905.5000E+00,-77.20635E+00
+906.0000E+00,-78.64996E+00
+906.5000E+00,-79.62685E+00
+907.0000E+00,-80.60375E+00
+907.5000E+00,-81.58064E+00
+908.0000E+00,-82.55754E+00
+908.5000E+00,-82.98835E+00
+909.0000E+00,-81.78464E+00
+909.5000E+00,-80.58093E+00
+910.0000E+00,-79.37722E+00
+910.5000E+00,-78.17350E+00
+911.0000E+00,-77.17317E+00
+911.5000E+00,-76.39134E+00
+912.0000E+00,-75.60952E+00
+912.5000E+00,-74.82769E+00
+913.0000E+00,-74.04587E+00
+913.5000E+00,-74.01057E+00
+914.0000E+00,-74.27476E+00
+914.5000E+00,-74.53896E+00
+915.0000E+00,-74.80315E+00
+915.5000E+00,-75.06734E+00
+916.0000E+00,-75.20763E+00
+916.5000E+00,-75.34075E+00
+917.0000E+00,-75.47387E+00
+917.5000E+00,-75.60699E+00
+918.0000E+00,-75.79510E+00
+918.5000E+00,-76.23900E+00
+919.0000E+00,-76.68291E+00
+919.5000E+00,-77.12681E+00
+920.0000E+00,-77.57071E+00
+920.5000E+00,-78.00541E+00
+921.0000E+00,-78.42679E+00
+921.5000E+00,-78.84817E+00
+922.0000E+00,-79.26954E+00
+922.5000E+00,-79.69092E+00
+923.0000E+00,-81.64074E+00
+923.5000E+00,-84.44957E+00
+924.0000E+00,-87.25840E+00
+924.5000E+00,-90.06723E+00
+925.0000E+00,-92.87607E+00
+925.5000E+00,-91.64297E+00
+926.0000E+00,-89.81564E+00
+926.5000E+00,-87.98832E+00
+927.0000E+00,-86.16099E+00
+927.5000E+00,-84.37423E+00
+928.0000E+00,-82.93910E+00
+928.5000E+00,-81.50396E+00
+929.0000E+00,-80.06883E+00
+929.5000E+00,-78.63369E+00
+930.0000E+00,-77.70844E+00
+930.5000E+00,-77.79497E+00
+931.0000E+00,-77.88149E+00
+931.5000E+00,-77.96802E+00
+932.0000E+00,-78.05455E+00
+932.5000E+00,-78.29747E+00
+933.0000E+00,-78.65997E+00
+933.5000E+00,-79.02246E+00
+934.0000E+00,-79.38496E+00
+934.5000E+00,-79.74746E+00
+935.0000E+00,-80.75373E+00
+935.5000E+00,-81.92263E+00
+936.0000E+00,-83.09152E+00
+936.5000E+00,-84.26042E+00
+937.0000E+00,-85.39591E+00
+937.5000E+00,-85.45019E+00
+938.0000E+00,-85.50446E+00
+938.5000E+00,-85.55873E+00
+939.0000E+00,-85.61300E+00
+939.5000E+00,-85.24858E+00
+940.0000E+00,-83.70234E+00
+940.5000E+00,-82.15610E+00
+941.0000E+00,-80.60986E+00
+941.5000E+00,-79.06362E+00
+942.0000E+00,-78.24720E+00
+942.5000E+00,-78.18064E+00
+943.0000E+00,-78.11408E+00
+943.5000E+00,-78.04752E+00
+944.0000E+00,-77.98096E+00
+944.5000E+00,-77.81939E+00
+945.0000E+00,-77.62176E+00
+945.5000E+00,-77.42413E+00
+946.0000E+00,-77.22650E+00
+946.5000E+00,-77.02886E+00
+947.0000E+00,-78.02762E+00
+947.5000E+00,-79.08080E+00
+948.0000E+00,-80.13398E+00
+948.5000E+00,-81.18717E+00
+949.0000E+00,-81.73519E+00
+949.5000E+00,-80.10294E+00
+950.0000E+00,-78.47068E+00
+950.5000E+00,-76.83842E+00
+951.0000E+00,-75.20617E+00
+951.5000E+00,-73.11939E+00
+952.0000E+00,-70.40425E+00
+952.5000E+00,-67.68911E+00
+953.0000E+00,-64.97398E+00
+953.5000E+00,-62.25884E+00
+954.0000E+00,-60.45916E+00
+954.5000E+00,-59.14947E+00
+955.0000E+00,-57.83977E+00
+955.5000E+00,-56.53007E+00
+956.0000E+00,-55.22038E+00
+956.5000E+00,-54.47490E+00
+957.0000E+00,-53.80418E+00
+957.5000E+00,-53.13346E+00
+958.0000E+00,-52.46274E+00
+958.5000E+00,-51.86185E+00
+959.0000E+00,-51.80041E+00
+959.5000E+00,-51.73897E+00
+960.0000E+00,-51.67753E+00
+960.5000E+00,-51.61609E+00
+961.0000E+00,-51.72272E+00
+961.5000E+00,-52.14665E+00
+962.0000E+00,-52.57059E+00
+962.5000E+00,-52.99452E+00
+963.0000E+00,-53.41846E+00
+963.5000E+00,-54.23591E+00
+964.0000E+00,-55.34081E+00
+964.5000E+00,-56.44570E+00
+965.0000E+00,-57.55060E+00
+965.5000E+00,-58.65549E+00
+966.0000E+00,-60.33111E+00
+966.5000E+00,-62.14103E+00
+967.0000E+00,-63.95095E+00
+967.5000E+00,-65.76087E+00
+968.0000E+00,-67.66890E+00
+968.5000E+00,-71.86372E+00
+969.0000E+00,-76.05853E+00
+969.5000E+00,-80.25335E+00
+970.0000E+00,-84.44817E+00
+970.5000E+00,-86.88806E+00
+971.0000E+00,-84.64909E+00
+971.5000E+00,-82.41011E+00
+972.0000E+00,-80.17113E+00
+972.5000E+00,-77.93216E+00
+973.0000E+00,-76.62469E+00
+973.5000E+00,-76.23250E+00
+974.0000E+00,-75.84031E+00
+974.5000E+00,-75.44811E+00
+975.0000E+00,-75.05592E+00
+975.5000E+00,-75.10841E+00
+976.0000E+00,-75.32037E+00
+976.5000E+00,-75.53234E+00
+977.0000E+00,-75.74431E+00
+977.5000E+00,-75.95628E+00
+978.0000E+00,-75.81252E+00
+978.5000E+00,-75.65687E+00
+979.0000E+00,-75.50123E+00
+979.5000E+00,-75.34558E+00
+980.0000E+00,-75.28492E+00
+980.5000E+00,-75.60594E+00
+981.0000E+00,-75.92697E+00
+981.5000E+00,-76.24799E+00
+982.0000E+00,-76.56902E+00
+982.5000E+00,-76.62617E+00
+983.0000E+00,-76.33485E+00
+983.5000E+00,-76.04352E+00
+984.0000E+00,-75.75219E+00
+984.5000E+00,-75.46086E+00
+985.0000E+00,-75.74654E+00
+985.5000E+00,-76.32613E+00
+986.0000E+00,-76.90571E+00
+986.5000E+00,-77.48530E+00
+987.0000E+00,-78.06488E+00
+987.5000E+00,-79.33027E+00
+988.0000E+00,-80.67683E+00
+988.5000E+00,-82.02339E+00
+989.0000E+00,-83.36995E+00
+989.5000E+00,-84.72829E+00
+990.0000E+00,-86.16855E+00
+990.5000E+00,-87.60881E+00
+991.0000E+00,-89.04906E+00
+991.5000E+00,-90.48932E+00
+992.0000E+00,-90.34736E+00
+992.5000E+00,-87.36086E+00
+993.0000E+00,-84.37436E+00
+993.5000E+00,-81.38787E+00
+994.0000E+00,-78.40137E+00
+994.5000E+00,-76.52474E+00
+995.0000E+00,-75.42240E+00
+995.5000E+00,-74.32007E+00
+996.0000E+00,-73.21773E+00
+996.5000E+00,-72.11540E+00
+997.0000E+00,-71.47653E+00
+997.5000E+00,-70.93893E+00
+998.0000E+00,-70.40133E+00
+998.5000E+00,-69.86373E+00
+999.0000E+00,-69.36263E+00
+999.5000E+00,-69.52289E+00
+1.0000000E+03,-69.68314E+00
+1.0005000E+03,-69.84340E+00
+1.0010000E+03,-70.00365E+00
+1.0015000E+03,-70.26756E+00
+1.0020000E+03,-70.79287E+00
+1.0025000E+03,-71.31819E+00
+1.0030000E+03,-71.84350E+00
+1.0035000E+03,-72.36881E+00
+1.0040000E+03,-73.32756E+00
+1.0045000E+03,-74.69358E+00
+1.0050000E+03,-76.05959E+00
+1.0055000E+03,-77.42561E+00
+1.0060000E+03,-78.79162E+00
+1.0065000E+03,-79.42274E+00
+1.0070000E+03,-79.80520E+00
+1.0075000E+03,-80.18767E+00
+1.0080000E+03,-80.57013E+00
+1.0085000E+03,-80.95259E+00
+1.0090000E+03,-80.32823E+00
+1.0095000E+03,-79.68209E+00
+1.0100000E+03,-79.03595E+00
+1.0105000E+03,-78.38980E+00
+1.0110000E+03,-77.83083E+00
+1.0115000E+03,-77.59889E+00
+1.0120000E+03,-77.36696E+00
+1.0125000E+03,-77.13502E+00
+1.0130000E+03,-76.90308E+00
+1.0135000E+03,-76.71053E+00
+1.0140000E+03,-76.56768E+00
+1.0145000E+03,-76.42484E+00
+1.0150000E+03,-76.28199E+00
+1.0155000E+03,-76.13914E+00
